{
    "accuracy": 85.36273569830617,
    "precision": 0.8904170163659983,
    "recall": 0.8676118326096512,
    "f1_score": 0.8753806574790357
}