{
    "accuracy": 90.1565995525727,
    "precision": 0.9244922989141205,
    "recall": 0.9139292457148587,
    "f1_score": 0.9178706365796475
}