{
    "accuracy": 90.47619047619048,
    "precision": 0.9346460261754831,
    "recall": 0.9151210544259064,
    "f1_score": 0.9231560510046997
}